url,status_code
Urls,Notworking
http://businessonlinelocal.com,200
https://www.buytoneronline.com,200
http://carpetcleaningupholstery.us,200
https://www.chiliadstaffing.com,200
http://contacttarget.com,200
http://globalstaffing.us,200
http://houstonairconditioners.us,200
http://locksmithathouston.com,500
http://freelancesoftwarejobs.com,200
http://katytamilfriends.org,200
http://zerviceco.com,Notworking
http://desss.us,Notworking
http://dessstelecom.us,200
http://aircooper.com,200
http://businessadvertisingonline.us,Notworking
http://air-conditioning-installations.com,200
http://local-listing.us,200
http://dinemepos.com,200
http://fhaloanshoustonusa.com,200
http://gclocalads.com,Notworking
http://giseniors.com,500
http://grilledsub.com,200
http://zigzan.com,301
http://zunamelt.com,200
http://furnace-repair-tuneup.com,200
http://hhasoftware.com,200
http://carpetscleaners.us,500
http://maritimesoftwaresolutions.com,403
http://cheezeeburger.com,200
http://banquethallshouston.com,200
http://carpetcleaning-usa.com,200
http://ac-repair-local.com,200
http://bestmatchmatrimonial.com,302
http://businessonlinelocal.com,200
http://business-process-outsourcing-bpo-us.com,200
https://www.buytoneronline.com,200
http://carpetcleaningupholstery.us,200
https://www.chiliadstaffing.com,200
http://cleanacair.com,200
http://cleaningservices-usa.com,200
http://commercialpropertieshouston.com,500
http://contacttarget.com,Notworking
http://cooperiendas.com,200
http://creditcard4u.us,404
https://www.tonerhere.com,200
http://zmartcms.com,200
http://zmartcrm.com,404
http://creditreport4u.us,403
http://devscrapmetal.com,200
http://diligentspros.com,200
http://dessstelecom.com,200
http://zmartdoc.com,200
http://thesaphybristraining.com,200
http://saphybrisconsulting.com,200
http://thesaphybris.com,200
http://yaasconsulting.com,200
https://www.petshopngo.com,302
http://globalstaffing.us,200
http://happyflowersshop.com,200
http://houstonairconditioners.us,200
http://houstonweddinghalls.com,200
http://homeforsale-houston.com,500
http://limousineservicesrentals.com,200
http://locksmithathouston.com,500
http://madrastimes.com,200
http://medical-billing-software-services.com,500
http://mortgagerealty.us,200
http://physicaltherapytexas.com,200
http://outsourcingservices-usa.com,200
http://techumbreroofing.com,200
https://www.webdesign-dallas.us,200
http://tmobilesites.com,301
http://valoanshoustonusa.com,200
https://www.webdesign-chicago.us,200
http://eazyzhop.com,200
http://wtamerica.com,200
http://zmartstaff.com,200
https://www.webdesign-losangeles.us,200
https://www.webdesign-newyork.us,200
https://www.webdesign-phoenix.us,200
https://www.webdesignaustin.us,200
https://www.webdesignerhouston.us,Notworking
https://www.webdesignsanantonio.us,200
http://freelancesoftwarejobs.com,200
http://zmartpros.com,200
http://katytamilfriends.org,200
http://helpdesk-online.net,200
http://mkautocomponents.com,200
http://zharepoint.com,200
http://wellnessmanagementgroup.com,200
https://www.getcomputerjobs.com,500
http://shilpaa.com,200
http://reachattorney.com,200
http://sheshuc.com,200
http://terracottajewelers.com,200
texanstorage2.com,Notworking
http://texasevents.us,403
http://desss.net,200
http://virtual-crm.com,200
https://www.jjlltd.com,Notworking
https://www.desss.com,200
https://www.desss-portfolio.com,403
https://www.midwaleng.com/,200
http://clintonindustries.com,301
https://www.teksupportsquad.com,200
https://www.dynamicssquad.com,200
http://magentosquad.com,200
https://www.destinyeventvenue.com,303
http://zmartchatbot.com,200
http://chatbotzz.com,301
https://www.3ringconsultants.com,200
http://gurujiaadhisubash.com,200
http://gladiator-construction.com,301
http://gladiators-construction.com,200
http://vquiz2u.com,Notworking
http://turullolsdds.com,301
http://stayconnectd.com,200
http://bigtexasdental.com,301
http://xceedinglife.com,301
http://perthemilellc.com,Notworking
http://unitedacsupply.com,301
https://www.openstorj.com,200
https://www.fusiondocx.com,301
https://www.webzudio.com,200
http://mailtides.com,200
http://homeinsurancetexas.info,200
https://www.patriotmedbill.com,200
1and1matrimony.com,Notworking
http://chengalpattusivanmalai.com,Notworking
http://xcelcoachingcenter.com,200
http://chillerremoval.com,200
https://www.futuretrucks.us,200
http://futureautomotive.us,200
reachdentist.com,Notworking
http://zmartpoint.com,200
https://www.drsbooking.com,200
http://ratemypros.com,200
http://yutanllc.com,404
http://psfruits.com,Notworking
http://psfruit.net,Notworking
https://www.realtimeappointment.com,303
http://rklegalpartners.in,Notworking
https://www.workovererp.com,Notworking
http://lacasitalivingston.com,301
http://censaops.com,Notworking
https://www.geaoftexas.com/,200
https://www.trophydeals.com/,200
https://www.backstagevip.com/,200
https://www.texantool.com/,200
https://www.stubboxoffice.com/,200
https://www.usawardsupply.com/,200
https://www.trophiestoday.com/,200
https://www.iconictrophies.com/,200
https://www.texasknife.com,200
https://www.cre8houston.com,200
https://www.themcclurefirm.com,200
